Birth,Death
7.877261045473304,8.078459169028681
7.910717937940912,8.108621538152942
8.216108708653413,8.242655584400968
8.304346463354129,8.448973262612576
8.78563267200511,8.889347387102324
8.820772408459817,9.0484513356038
8.90266341203144,9.194938460328608
9.442028677958422,9.469777294724405
9.283874980838881,9.47190654552627
9.011230786410936,9.528761395371719
9.440784781029048,9.561327046926934
9.34341236422896,9.632933351859629
9.531608728234147,9.673494155516806
9.739727616398937,9.883358471233965
9.891710277068938,9.893465416618003
9.903832779576712,9.968832626707453
9.954970884691594,9.976904676070884
10.028504262331694,10.156975174883428
9.821484100898024,10.188692031877046
9.800138080230623,10.334998692568076
10.397268262539008,10.699302284557469
10.749479668968801,10.801607713200106
10.33380262743124,10.861846805906975
10.90576787005239,10.954877140020088
11.326116496106895,11.524585453300542
12.75610742200266,12.81054426031443
13.194562271097986,13.695330067075485
15.008460380111686,15.00894310953975
15.15473127261085,15.218669052442163
15.434648516622783,16.01025831943496
17.028125760939687,17.068425878487986
17.180249765078003,17.20841073644043
15.526769763883669,17.211114904999487
20.424652486076806,20.792432010290504
22.84672501935343,22.97048608503295
24.6586197220364,24.8859278401596
27.5733083951427,27.605249977936218
27.020623896898684,27.70583199727629
